{"smpl_param": {"pose": [-2.9022064208984375, 0.14226926863193512, -0.6876412034034729, -0.37843915820121765, -0.010725350119173527, 0.24553968012332916, -0.0946338027715683, -0.09007483720779419, -0.1379311978816986, 0.3363078832626343, 0.059149932116270065, -0.03379477187991142, 0.5132664442062378, 0.0091248182579875, -0.0329560711979866, 0.5385148525238037, -0.016906920820474625, 0.08675778657197952, 0.0763339102268219, 0.055082399398088455, -0.01292260829359293, 0.006272528320550919, 0.04291265085339546, -0.11267384886741638, -0.1689642071723938, -0.09466277807950974, 0.050063978880643845, -0.1324988752603531, 0.020788447931408882, -0.0006215892499312758, 0.014061491005122662, -0.006473212502896786, 0.004046547692269087, 0.014014238491654396, 0.0007452652789652348, 0.0004654862859752029, 0.05512533709406853, 0.02992839552462101, -0.04127040132880211, -0.17167717218399048, -0.5288858413696289, -0.058588359504938126, -0.036302413791418076, 0.4928983449935913, 0.08087531477212906, -0.15405236184597015, -0.04361267015337944, -0.04372638836503029, -0.33442074060440063, -0.6012314558029175, -0.2605968117713928, 0.026607021689414978, 0.3870042562484741, 0.6654704809188843, -0.12385698407888412, -1.8147525787353516, 0.7356531620025635, 0.14879150688648224, 1.3634296655654907, -0.30997902154922485, -0.10583673417568207, -0.18372346460819244, 0.17793530225753784, -0.17634084820747375, 0.22043076157569885, 0.02467007003724575, 0.0, 0.0, 0.0, 0.0, 0.0, 0.0], "shape": [-0.04103930667042732, -0.0273419301956892, -0.03568168729543686, -0.05271761119365692, 0.022580627351999283, -0.06175239384174347, -0.017034463584423065, -0.038146961480379105, 0.001704443129710853, -0.040624070912599564], "trans": [-0.10590886324644089, 0.16711418330669403, 40.84169387817383]}, "cam_param": {"focal": [13778.80891164144, 13778.808116912842], "princpt": [267.12500619888306, 316.79998779296875]}}